1571967208,DEPOSIT,BTC,0.298660
1571967200,DEPOSIT,ETH,0.683640
1571967189,WITHDRAWAL,ETH,0.493839
1571967150,DEPOSIT,XRP,0.693272
1571967110,DEPOSIT,ETH,0.347595
1571967067,WITHDRAWAL,XRP,0.393786
1571966982,WITHDRAWAL,ETH,0.266166
1571966896,WITHDRAWAL,XRP,0.819840
1571966868,WITHDRAWAL,XRP,0.969999
1571966849,WITHDRAWAL,XRP,0.650535
1571966763,DEPOSIT,XRP,0.588537
1571966749,DEPOSIT,XRP,0.109955
1571966685,DEPOSIT,BTC,0.658794
1571966641,DEPOSIT,ETH,0.899781
1571966568,DEPOSIT,BTC,0.630386
1571966566,DEPOSIT,BTC,0.985879
1571966499,DEPOSIT,BTC,0.162165
1571966421,DEPOSIT,ETH,0.218207
1571966410,DEPOSIT,ETH,0.205472
1571966399,DEPOSIT,XRP,0.537373
1571966329,WITHDRAWAL,BTC,0.063663
1571966250,WITHDRAWAL,ETH,0.761543
1571966194,DEPOSIT,BTC,0.858688
1571966124,DEPOSIT,ETH,0.663150
1571966054,DEPOSIT,XRP,0.709244
1571966049,DEPOSIT,BTC,0.696682
1571966026,DEPOSIT,BTC,0.747093
1571965990,WITHDRAWAL,BTC,0.987358
1571965945,DEPOSIT,XRP,0.157443
1571965892,DEPOSIT,ETH,0.554933
1571965873,DEPOSIT,BTC,0.132038
1571965832,WITHDRAWAL,BTC,0.147965
1571965821,DEPOSIT,ETH,0.605997
1571965722,DEPOSIT,ETH,0.716122
1571965625,DEPOSIT,BTC,0.872733
1571965533,DEPOSIT,BTC,0.886933
1571965530,DEPOSIT,ETH,0.963364
1571965516,DEPOSIT,XRP,0.828934
1571965418,DEPOSIT,BTC,0.765155
1571965377,DEPOSIT,BTC,0.244591
1571965297,WITHDRAWAL,XRP,0.367830
1571965245,WITHDRAWAL,BTC,0.802627
1571965167,DEPOSIT,XRP,0.792316
1571965147,WITHDRAWAL,BTC,0.236674
1571965053,DEPOSIT,ETH,0.038583
1571965049,WITHDRAWAL,XRP,0.177468
1571964989,WITHDRAWAL,BTC,0.495282
1571964987,DEPOSIT,ETH,0.397724
1571964918,WITHDRAWAL,XRP,0.311287
1571964851,DEPOSIT,BTC,0.934521
1571964792,DEPOSIT,BTC,0.477118
1571964779,DEPOSIT,XRP,0.499383
1571964723,WITHDRAWAL,BTC,0.987034
1571964638,WITHDRAWAL,BTC,0.874843
1571964575,DEPOSIT,ETH,0.812558
1571964490,WITHDRAWAL,BTC,0.004961
1571964443,DEPOSIT,XRP,0.097368
1571964421,WITHDRAWAL,ETH,0.186947
1571964374,WITHDRAWAL,ETH,0.650059
1571964323,WITHDRAWAL,ETH,0.227028
1571964260,DEPOSIT,XRP,0.464974
1571964256,WITHDRAWAL,ETH,0.304374
1571964240,DEPOSIT,ETH,0.765674
1571964170,DEPOSIT,XRP,0.402188
1571964095,WITHDRAWAL,ETH,0.009697
1571964076,WITHDRAWAL,BTC,0.401726
1571964019,WITHDRAWAL,XRP,0.240768
1571963951,WITHDRAWAL,ETH,0.342250
1571963940,DEPOSIT,XRP,0.105994
1571963874,DEPOSIT,XRP,0.245242
1571963804,WITHDRAWAL,ETH,0.962430
1571963788,DEPOSIT,XRP,0.005210
1571963729,WITHDRAWAL,XRP,0.368835
1571963696,DEPOSIT,BTC,0.595896
1571963611,WITHDRAWAL,XRP,0.173078
1571963554,WITHDRAWAL,BTC,0.158923
1571963487,DEPOSIT,BTC,0.918003
1571963470,DEPOSIT,BTC,0.794169
1571963374,WITHDRAWAL,XRP,0.787157
1571963276,DEPOSIT,XRP,0.842281
1571963212,DEPOSIT,ETH,0.226513
1571963153,DEPOSIT,BTC,0.683598
1571963133,DEPOSIT,BTC,0.984541
1571963133,DEPOSIT,XRP,0.028055
1571963050,DEPOSIT,BTC,0.226891
1571962959,WITHDRAWAL,XRP,0.890174
1571962883,DEPOSIT,BTC,0.875022
1571962811,DEPOSIT,XRP,0.569361
1571962773,WITHDRAWAL,XRP,0.644261
1571962717,DEPOSIT,ETH,0.848705
1571962653,WITHDRAWAL,XRP,0.091630
1571962647,WITHDRAWAL,ETH,0.466294
1571962614,DEPOSIT,BTC,0.488433
1571962557,WITHDRAWAL,BTC,0.667648
1571962525,DEPOSIT,BTC,0.459287
1571962475,WITHDRAWAL,BTC,0.367034
1571962448,DEPOSIT,BTC,0.644462
1571962354,DEPOSIT,BTC,0.368687
1571962300,DEPOSIT,ETH,0.439298
1571962268,DEPOSIT,BTC,0.160028
1571962260,WITHDRAWAL,ETH,0.116838
1571962201,WITHDRAWAL,BTC,0.300603
1571962196,WITHDRAWAL,XRP,0.520672
1571962133,WITHDRAWAL,ETH,0.226442
1571962132,DEPOSIT,BTC,0.723286
1571962096,WITHDRAWAL,BTC,0.215204
1571961997,WITHDRAWAL,BTC,0.999347
1571961943,WITHDRAWAL,ETH,0.450927
1571961853,WITHDRAWAL,BTC,0.559812
1571961805,WITHDRAWAL,ETH,0.915196
1571961706,WITHDRAWAL,ETH,0.980358
1571961663,DEPOSIT,BTC,0.528773
1571961652,WITHDRAWAL,XRP,0.882968
1571961626,DEPOSIT,ETH,0.402500
1571961544,WITHDRAWAL,BTC,0.902429
1571961543,WITHDRAWAL,XRP,0.404586
1571961519,WITHDRAWAL,ETH,0.808027
1571961476,DEPOSIT,ETH,0.936093
1571961453,WITHDRAWAL,ETH,0.476381
1571961406,DEPOSIT,BTC,0.435003
1571961380,DEPOSIT,XRP,0.490516
1571961352,DEPOSIT,BTC,0.729912
1571961299,DEPOSIT,ETH,0.813151
1571961223,DEPOSIT,BTC,0.783873
1571961128,WITHDRAWAL,ETH,0.620823
1571961107,DEPOSIT,BTC,0.873505
1571961104,DEPOSIT,BTC,0.131635
1571961035,WITHDRAWAL,ETH,0.994364
1571960944,WITHDRAWAL,XRP,0.314995
1571960861,DEPOSIT,ETH,0.521464
1571960775,DEPOSIT,ETH,0.370962
1571960692,DEPOSIT,BTC,0.698245
1571960689,WITHDRAWAL,XRP,0.081113
1571960656,DEPOSIT,XRP,0.772721
1571960600,WITHDRAWAL,BTC,0.959540
1571960593,WITHDRAWAL,BTC,0.021037
1571960583,WITHDRAWAL,BTC,0.258409
1571960494,WITHDRAWAL,XRP,0.055682
1571960433,WITHDRAWAL,BTC,0.507611
1571960417,DEPOSIT,BTC,0.195860
1571960417,WITHDRAWAL,ETH,0.961621
1571960377,DEPOSIT,XRP,0.447851
1571960335,WITHDRAWAL,BTC,0.275658
1571960277,DEPOSIT,ETH,0.497178
1571960185,DEPOSIT,XRP,0.806973
1571960121,DEPOSIT,ETH,0.052234
1571960081,DEPOSIT,XRP,0.935798
1571959996,DEPOSIT,BTC,0.301072
1571959944,WITHDRAWAL,BTC,0.900465
1571959880,DEPOSIT,BTC,0.763405
1571959783,DEPOSIT,BTC,0.768876
1571959721,WITHDRAWAL,ETH,0.198234
1571959686,DEPOSIT,BTC,0.944896
1571959685,DEPOSIT,BTC,0.690398
1571959632,WITHDRAWAL,ETH,0.958403
1571959550,DEPOSIT,BTC,0.585393
1571959451,WITHDRAWAL,ETH,0.323960
1571959365,DEPOSIT,ETH,0.957136
1571959300,DEPOSIT,ETH,0.667254
1571959255,DEPOSIT,XRP,0.686319
1571959164,WITHDRAWAL,BTC,0.285294
1571959073,DEPOSIT,ETH,0.820971
1571959035,DEPOSIT,XRP,0.474099
1571959002,DEPOSIT,ETH,0.662791
1571958915,DEPOSIT,BTC,0.207566
1571958847,DEPOSIT,ETH,0.961605
1571958817,DEPOSIT,XRP,0.946733
1571958761,DEPOSIT,XRP,0.148141
1571958676,DEPOSIT,BTC,0.814478
1571958644,DEPOSIT,XRP,0.905062
1571958564,DEPOSIT,XRP,0.868441
1571958530,WITHDRAWAL,BTC,0.697631
1571958441,DEPOSIT,XRP,0.343305
1571958343,DEPOSIT,XRP,0.411096
1571958247,WITHDRAWAL,XRP,0.084057
1571958150,DEPOSIT,ETH,0.005510
1571958085,DEPOSIT,XRP,0.559799
1571958076,WITHDRAWAL,ETH,0.326629
1571958012,DEPOSIT,XRP,0.031598
1571957928,WITHDRAWAL,BTC,0.386050
1571957904,WITHDRAWAL,ETH,0.258196
1571957839,WITHDRAWAL,ETH,0.900707
1571957765,DEPOSIT,BTC,0.385376
1571957683,WITHDRAWAL,ETH,0.710487
1571957625,WITHDRAWAL,BTC,0.803046
1571957623,WITHDRAWAL,BTC,0.813089
1571957529,WITHDRAWAL,ETH,0.846909
1571957433,WITHDRAWAL,BTC,0.080572
1571957364,WITHDRAWAL,ETH,0.521519
1571957293,WITHDRAWAL,BTC,0.719311
1571957201,DEPOSIT,XRP,0.698991
1571957121,DEPOSIT,BTC,0.870171
1571957045,DEPOSIT,BTC,0.584881
1571957027,WITHDRAWAL,BTC,0.353822
1571956957,WITHDRAWAL,ETH,0.422066
1571956908,DEPOSIT,BTC,0.523330
1571956871,DEPOSIT,ETH,0.367267
1571956804,DEPOSIT,ETH,0.686614
1571956717,DEPOSIT,XRP,0.810129
1571956628,WITHDRAWAL,XRP,0.632437
1571956541,DEPOSIT,BTC,0.350614
1571956461,DEPOSIT,BTC,0.858163
1571956380,DEPOSIT,ETH,0.645154
1571956332,WITHDRAWAL,XRP,0.230195
1571956306,DEPOSIT,XRP,0.746063
1571956237,DEPOSIT,ETH,0.700500
1571956152,DEPOSIT,BTC,0.804386
1571956092,DEPOSIT,BTC,0.940083
1571955998,DEPOSIT,XRP,0.531057
1571955927,WITHDRAWAL,XRP,0.445283
1571955841,DEPOSIT,BTC,0.970061
1571955782,DEPOSIT,XRP,0.741384
1571955683,DEPOSIT,BTC,0.743456
1571955669,WITHDRAWAL,ETH,0.525168
1571955571,WITHDRAWAL,BTC,0.054882
1571955497,WITHDRAWAL,BTC,0.948568
1571955445,WITHDRAWAL,XRP,0.481468
1571955393,WITHDRAWAL,ETH,0.470246
1571955335,DEPOSIT,ETH,0.930199
1571955289,DEPOSIT,ETH,0.027794
1571955192,DEPOSIT,BTC,0.557247
1571955178,DEPOSIT,ETH,0.384026
1571955153,DEPOSIT,ETH,0.605966
1571955149,DEPOSIT,BTC,0.642720
1571955080,DEPOSIT,XRP,0.044143
1571955027,DEPOSIT,ETH,0.975800
1571954999,WITHDRAWAL,ETH,0.744603
1571954974,DEPOSIT,BTC,0.918713
1571954921,DEPOSIT,BTC,0.553253
1571954893,DEPOSIT,BTC,0.786975
1571954867,DEPOSIT,XRP,0.417464
1571954860,DEPOSIT,ETH,0.841305
1571954844,DEPOSIT,XRP,0.527658
1571954760,DEPOSIT,ETH,0.550277
1571954682,DEPOSIT,XRP,0.938988
1571954588,WITHDRAWAL,BTC,0.599759
1571954580,DEPOSIT,BTC,0.940446
1571954512,DEPOSIT,ETH,0.187759
1571954512,DEPOSIT,BTC,0.302949
1571954477,DEPOSIT,BTC,0.789718
1571954418,DEPOSIT,ETH,0.464318
1571954372,DEPOSIT,XRP,0.422500
1571954345,WITHDRAWAL,XRP,0.943088
1571954314,DEPOSIT,BTC,0.487146
1571954265,DEPOSIT,XRP,0.520286
1571954204,WITHDRAWAL,XRP,0.382456
1571954134,WITHDRAWAL,ETH,0.386462
1571954082,WITHDRAWAL,ETH,0.806232
1571954081,WITHDRAWAL,BTC,0.527723
1571954014,DEPOSIT,BTC,0.610872
1571953955,DEPOSIT,BTC,0.968138
1571953891,DEPOSIT,XRP,0.328582
1571953890,DEPOSIT,BTC,0.734029
1571953887,DEPOSIT,XRP,0.266452
1571953811,DEPOSIT,XRP,0.850645
1571953750,WITHDRAWAL,XRP,0.003562
1571953730,DEPOSIT,ETH,0.443315
1571953683,WITHDRAWAL,BTC,0.479544
1571953591,WITHDRAWAL,XRP,0.521770
1571953584,WITHDRAWAL,ETH,0.837758
1571953521,WITHDRAWAL,BTC,0.221286
1571953432,WITHDRAWAL,BTC,0.534780
1571953351,DEPOSIT,ETH,0.876073
1571953253,DEPOSIT,BTC,0.526158
1571953175,WITHDRAWAL,BTC,0.703379
1571953108,DEPOSIT,ETH,0.618873
1571953046,DEPOSIT,ETH,0.757628
1571953019,WITHDRAWAL,BTC,0.601385
1571952921,DEPOSIT,BTC,0.266652
1571952869,DEPOSIT,BTC,0.073445
1571952866,DEPOSIT,BTC,0.946733
1571952846,WITHDRAWAL,ETH,0.571792
1571952781,WITHDRAWAL,ETH,0.551058
1571952747,WITHDRAWAL,XRP,0.205362
1571952736,WITHDRAWAL,BTC,0.208371
1571952640,DEPOSIT,BTC,0.580894
1571952545,DEPOSIT,BTC,0.966290
1571952514,DEPOSIT,BTC,0.707158
1571952470,DEPOSIT,ETH,0.338049
1571952412,WITHDRAWAL,BTC,0.422886
1571952320,WITHDRAWAL,ETH,0.662448
1571952256,DEPOSIT,ETH,0.548277
1571952221,DEPOSIT,XRP,0.422442
1571952194,DEPOSIT,BTC,0.109214
1571952174,WITHDRAWAL,BTC,0.956606
1571952140,WITHDRAWAL,BTC,0.326802
1571952062,WITHDRAWAL,ETH,0.907211
1571952026,DEPOSIT,BTC,0.170187
1571951992,DEPOSIT,BTC,0.656869
1571951913,DEPOSIT,ETH,0.479676
1571951886,DEPOSIT,ETH,0.852830
1571951866,DEPOSIT,ETH,0.420871
1571951865,WITHDRAWAL,XRP,0.649956
1571951806,DEPOSIT,XRP,0.739507
1571951726,WITHDRAWAL,XRP,0.756338
1571951700,DEPOSIT,ETH,0.553937
1571951697,DEPOSIT,XRP,0.402829
1571951637,DEPOSIT,BTC,0.464115
1571951556,WITHDRAWAL,XRP,0.930772
1571951487,DEPOSIT,BTC,0.893489
1571951476,DEPOSIT,BTC,0.530007
1571951392,DEPOSIT,ETH,0.300582
1571951350,DEPOSIT,ETH,0.735483
1571951338,WITHDRAWAL,XRP,0.933893
1571951302,DEPOSIT,ETH,0.911282
1571951243,WITHDRAWAL,XRP,0.691659
1571951239,DEPOSIT,XRP,0.260769
1571951179,WITHDRAWAL,XRP,0.368939
1571951148,WITHDRAWAL,XRP,0.987708
1571951136,DEPOSIT,XRP,0.129145
1571951098,WITHDRAWAL,XRP,0.110464
1571951006,DEPOSIT,BTC,0.637719
1571950967,WITHDRAWAL,ETH,0.809961
1571950940,WITHDRAWAL,ETH,0.856380
1571950923,WITHDRAWAL,BTC,0.100199
1571950922,DEPOSIT,XRP,0.544564
1571950824,DEPOSIT,BTC,0.269310
1571950758,DEPOSIT,XRP,0.804252
1571950707,DEPOSIT,XRP,0.962616
1571950618,WITHDRAWAL,BTC,0.623104
1571950522,WITHDRAWAL,ETH,0.588029
1571950471,WITHDRAWAL,ETH,0.202984
1571950380,DEPOSIT,BTC,0.991924
1571950281,DEPOSIT,XRP,0.314031
1571950206,DEPOSIT,ETH,0.141834
1571950182,WITHDRAWAL,BTC,0.595160
1571950147,DEPOSIT,BTC,0.409779
1571950129,WITHDRAWAL,ETH,0.932043
1571950054,DEPOSIT,ETH,0.509608
1571950054,DEPOSIT,XRP,0.595914
1571950016,DEPOSIT,BTC,0.837971
1571949983,DEPOSIT,XRP,0.437692
1571949901,DEPOSIT,BTC,0.846713
1571949868,DEPOSIT,XRP,0.874430
1571949843,DEPOSIT,XRP,0.970981
1571949789,WITHDRAWAL,ETH,0.906392
1571949690,DEPOSIT,XRP,0.452197
1571949633,DEPOSIT,BTC,0.501161
1571949568,WITHDRAWAL,BTC,0.339567
1571949505,DEPOSIT,BTC,0.230416
1571949476,WITHDRAWAL,ETH,0.731373
1571949390,WITHDRAWAL,XRP,0.350254
1571949379,WITHDRAWAL,ETH,0.588143
1571949290,WITHDRAWAL,XRP,0.258053
1571949201,WITHDRAWAL,BTC,0.097787
1571949189,DEPOSIT,ETH,0.657592
1571949169,DEPOSIT,XRP,0.696482
1571949076,DEPOSIT,BTC,0.350320
1571949048,DEPOSIT,BTC,0.967764
1571948970,WITHDRAWAL,ETH,0.563666
1571948928,DEPOSIT,ETH,0.905783
1571948835,DEPOSIT,ETH,0.737077
1571948768,WITHDRAWAL,XRP,0.076369
1571948714,WITHDRAWAL,XRP,0.915665
1571948635,DEPOSIT,BTC,0.310845
1571948592,WITHDRAWAL,ETH,0.116931
1571948548,WITHDRAWAL,XRP,0.819122
1571948507,DEPOSIT,BTC,0.156436
1571948423,DEPOSIT,ETH,0.555442
1571948395,DEPOSIT,XRP,0.969518
1571948321,WITHDRAWAL,ETH,0.272726
1571948263,WITHDRAWAL,XRP,0.655189
1571948255,DEPOSIT,BTC,0.328976
1571948199,DEPOSIT,ETH,0.869356
1571948109,DEPOSIT,ETH,0.891939
1571948019,WITHDRAWAL,ETH,0.817660
1571947927,DEPOSIT,XRP,0.178757
1571947908,WITHDRAWAL,BTC,0.673842
1571947899,DEPOSIT,ETH,0.393443
1571947865,WITHDRAWAL,XRP,0.721582
1571947801,DEPOSIT,BTC,0.849587
1571947770,WITHDRAWAL,BTC,0.762322
1571947748,DEPOSIT,BTC,0.562671
1571947666,DEPOSIT,BTC,0.480712
1571947643,DEPOSIT,BTC,0.388412
1571947597,DEPOSIT,BTC,0.172714
1571947512,WITHDRAWAL,BTC,0.099335
1571947462,DEPOSIT,XRP,0.177923
1571947375,DEPOSIT,ETH,0.219208
1571947298,DEPOSIT,BTC,0.933151
1571947284,DEPOSIT,BTC,0.074470
1571947269,WITHDRAWAL,ETH,0.286859
1571947246,DEPOSIT,XRP,0.874006
1571947190,DEPOSIT,ETH,0.694987
1571947102,DEPOSIT,XRP,0.398966
1571947032,DEPOSIT,BTC,0.194359
1571947025,DEPOSIT,BTC,0.921566
1571947020,DEPOSIT,BTC,0.086351
1571946970,DEPOSIT,ETH,0.234698
1571946961,DEPOSIT,ETH,0.545344
1571946950,DEPOSIT,BTC,0.707018
1571946930,WITHDRAWAL,XRP,0.699021
1571946847,DEPOSIT,XRP,0.312276
1571946785,DEPOSIT,XRP,0.542642
1571946707,DEPOSIT,XRP,0.929700
1571946625,WITHDRAWAL,XRP,0.045575
1571946602,DEPOSIT,ETH,0.953871
1571946514,DEPOSIT,ETH,0.665517
1571946452,DEPOSIT,BTC,0.738457
1571946358,WITHDRAWAL,BTC,0.417318
1571946277,DEPOSIT,ETH,0.322201
1571946250,DEPOSIT,ETH,0.362294
1571946235,WITHDRAWAL,ETH,0.107703
1571946146,WITHDRAWAL,BTC,0.053324
1571946072,DEPOSIT,XRP,0.370986
1571946050,DEPOSIT,XRP,0.866087
1571946035,WITHDRAWAL,XRP,0.638469
1571945948,WITHDRAWAL,ETH,0.010269
1571945901,WITHDRAWAL,BTC,0.095802
1571945890,WITHDRAWAL,BTC,0.543544
1571945797,WITHDRAWAL,XRP,0.902842
1571945759,WITHDRAWAL,ETH,0.924983
1571945745,DEPOSIT,XRP,0.169138
1571945716,WITHDRAWAL,XRP,0.033899
1571945706,DEPOSIT,ETH,0.128510
1571945651,WITHDRAWAL,XRP,0.442718
1571945598,WITHDRAWAL,BTC,0.215921
1571945591,DEPOSIT,BTC,0.536273
1571945516,WITHDRAWAL,BTC,0.569593
1571945498,WITHDRAWAL,BTC,0.637260
1571945475,DEPOSIT,BTC,0.023610
1571945438,DEPOSIT,BTC,0.942352
1571945413,DEPOSIT,ETH,0.621375
1571945403,WITHDRAWAL,BTC,0.752725
1571945321,WITHDRAWAL,BTC,0.268677
1571945238,DEPOSIT,BTC,0.451038
1571945207,DEPOSIT,BTC,0.046230
1571945192,WITHDRAWAL,BTC,0.651408
1571945142,WITHDRAWAL,ETH,0.773024
1571945109,DEPOSIT,BTC,0.851453
1571945061,DEPOSIT,ETH,0.814480
1571945042,WITHDRAWAL,XRP,0.658171
1571944959,WITHDRAWAL,BTC,0.241409
1571944888,DEPOSIT,XRP,0.591428
1571944852,DEPOSIT,BTC,0.741202
1571944842,WITHDRAWAL,BTC,0.789831
1571944792,DEPOSIT,XRP,0.467172
1571944721,WITHDRAWAL,ETH,0.475174
1571944650,WITHDRAWAL,BTC,0.900974
1571944578,WITHDRAWAL,BTC,0.817686
1571944504,DEPOSIT,ETH,0.565329
1571944443,DEPOSIT,XRP,0.496511
1571944361,WITHDRAWAL,ETH,0.425537
1571944286,WITHDRAWAL,XRP,0.942385
1571944261,WITHDRAWAL,ETH,0.042704
1571944166,WITHDRAWAL,XRP,0.432568
1571944131,DEPOSIT,BTC,0.176472
1571944080,DEPOSIT,ETH,0.197993
1571944074,DEPOSIT,XRP,0.757959
1571944029,WITHDRAWAL,XRP,0.196727
1571943987,WITHDRAWAL,BTC,0.183543
1571943929,WITHDRAWAL,ETH,0.022669
1571943902,DEPOSIT,ETH,0.318984
1571943819,WITHDRAWAL,XRP,0.989817
1571943804,DEPOSIT,ETH,0.438024
1571943756,DEPOSIT,BTC,0.979353
1571943662,DEPOSIT,XRP,0.525648
1571943605,WITHDRAWAL,BTC,0.700391
1571943547,DEPOSIT,ETH,0.963756
1571943536,WITHDRAWAL,ETH,0.699054
1571943469,DEPOSIT,ETH,0.363719
1571943438,DEPOSIT,XRP,0.955770
1571943342,WITHDRAWAL,XRP,0.928179
1571943291,DEPOSIT,XRP,0.954959
1571943213,WITHDRAWAL,BTC,0.321516
1571943152,DEPOSIT,BTC,0.869329
1571943107,DEPOSIT,BTC,0.196295
1571943098,WITHDRAWAL,ETH,0.069353
1571943069,DEPOSIT,XRP,0.494030
1571943054,DEPOSIT,ETH,0.270212
1571943010,DEPOSIT,XRP,0.494823
1571942999,WITHDRAWAL,BTC,0.313161
1571942982,DEPOSIT,ETH,0.464884
1571942925,WITHDRAWAL,XRP,0.955044
1571942872,DEPOSIT,ETH,0.349451
1571942839,WITHDRAWAL,XRP,0.189849
1571942804,DEPOSIT,BTC,0.649056
1571942732,DEPOSIT,BTC,0.242120
1571942700,DEPOSIT,XRP,0.728581
1571942626,WITHDRAWAL,XRP,0.773081
1571942559,DEPOSIT,XRP,0.097970
1571942548,WITHDRAWAL,XRP,0.681937
1571942508,DEPOSIT,BTC,0.084807
1571942507,DEPOSIT,BTC,0.788079
1571942507,DEPOSIT,XRP,0.782677
1571942476,DEPOSIT,XRP,0.234005
1571942453,DEPOSIT,XRP,0.874019
1571942400,WITHDRAWAL,BTC,0.189666
1571942341,WITHDRAWAL,XRP,0.095086
1571942268,DEPOSIT,BTC,0.537446
1571942195,DEPOSIT,BTC,0.960042
1571942188,DEPOSIT,ETH,0.718736
1571942135,DEPOSIT,BTC,0.388452
1571942069,WITHDRAWAL,BTC,0.274034
1571942047,DEPOSIT,ETH,0.398143
1571941990,DEPOSIT,XRP,0.333388
1571941920,WITHDRAWAL,BTC,0.109267
1571941864,DEPOSIT,ETH,0.334981
1571941803,WITHDRAWAL,ETH,0.957933
1571941753,WITHDRAWAL,ETH,0.321079
1571941742,DEPOSIT,BTC,0.257207
1571941725,WITHDRAWAL,ETH,0.276401
1571941686,DEPOSIT,ETH,0.914401
1571941655,DEPOSIT,XRP,0.558340
1571941585,WITHDRAWAL,BTC,0.532905
1571941489,WITHDRAWAL,XRP,0.966200
1571941396,DEPOSIT,BTC,0.957877
1571941381,DEPOSIT,XRP,0.609616
1571941345,WITHDRAWAL,ETH,0.793409
1571941260,DEPOSIT,ETH,0.118219
1571941181,DEPOSIT,ETH,0.590132
1571941129,DEPOSIT,XRP,0.615785
1571941111,DEPOSIT,XRP,0.875160
1571941021,DEPOSIT,BTC,0.250104
1571941002,DEPOSIT,BTC,0.621903
1571940931,DEPOSIT,XRP,0.872159
1571940839,DEPOSIT,ETH,0.900491
1571940761,DEPOSIT,ETH,0.607811
1571940691,WITHDRAWAL,XRP,0.244202
1571940600,WITHDRAWAL,BTC,0.475890
1571940523,DEPOSIT,XRP,0.572903
1571940452,DEPOSIT,XRP,0.454483
1571940396,DEPOSIT,ETH,0.972374
1571940314,WITHDRAWAL,XRP,0.997044
1571940302,WITHDRAWAL,BTC,0.251862
1571940250,WITHDRAWAL,BTC,0.593236
1571940242,WITHDRAWAL,XRP,0.481987
1571940178,DEPOSIT,BTC,0.203472
1571940132,DEPOSIT,BTC,0.022726
1571940113,DEPOSIT,ETH,0.415912
1571940026,DEPOSIT,BTC,0.562193
1571940007,WITHDRAWAL,ETH,0.319709
1571939916,WITHDRAWAL,BTC,0.018987
1571939847,DEPOSIT,XRP,0.162857
1571939788,DEPOSIT,ETH,0.261924
1571939725,DEPOSIT,ETH,0.161868
1571939688,DEPOSIT,ETH,0.099334
1571939618,DEPOSIT,XRP,0.710298
1571939579,DEPOSIT,ETH,0.842976
1571939516,DEPOSIT,BTC,0.763721
1571939472,DEPOSIT,BTC,0.285135
1571939426,WITHDRAWAL,ETH,0.532678
1571939341,DEPOSIT,BTC,0.699080
1571939324,WITHDRAWAL,ETH,0.351968
1571939272,WITHDRAWAL,XRP,0.140409
1571939217,DEPOSIT,BTC,0.062242
1571939216,DEPOSIT,ETH,0.636009
1571939167,DEPOSIT,XRP,0.031395
1571939165,DEPOSIT,BTC,0.580268
1571939124,DEPOSIT,XRP,0.260517
1571939084,DEPOSIT,XRP,0.653645
1571939032,WITHDRAWAL,ETH,0.916982
1571939015,DEPOSIT,XRP,0.772116
1571938968,WITHDRAWAL,ETH,0.729311
1571938957,WITHDRAWAL,BTC,0.655329
1571938946,DEPOSIT,ETH,0.594766
1571938922,DEPOSIT,BTC,0.107125
1571938869,WITHDRAWAL,ETH,0.243222
1571938865,WITHDRAWAL,BTC,0.544433
1571938795,DEPOSIT,XRP,0.679442
1571938791,WITHDRAWAL,ETH,0.208281
1571938703,WITHDRAWAL,XRP,0.636520
1571938700,WITHDRAWAL,BTC,0.911274
1571938647,WITHDRAWAL,ETH,0.371843
1571938608,WITHDRAWAL,XRP,0.049865
1571938578,WITHDRAWAL,ETH,0.410738
1571938491,DEPOSIT,XRP,0.149809
1571938444,DEPOSIT,BTC,0.022648
1571938349,DEPOSIT,BTC,0.131905
1571938253,DEPOSIT,BTC,0.804137
1571938242,DEPOSIT,BTC,0.833941
1571938178,DEPOSIT,ETH,0.498343
1571938081,WITHDRAWAL,XRP,0.935874
1571938006,WITHDRAWAL,BTC,0.431157
1571937996,WITHDRAWAL,BTC,0.408796
1571937915,DEPOSIT,XRP,0.169466
1571937887,DEPOSIT,BTC,0.754679
1571937866,WITHDRAWAL,BTC,0.441015
1571937833,DEPOSIT,BTC,0.535717
1571937787,DEPOSIT,XRP,0.129159
1571937722,DEPOSIT,BTC,0.751521
1571937717,WITHDRAWAL,XRP,0.474245
1571937675,DEPOSIT,ETH,0.788428
1571937641,DEPOSIT,ETH,0.907680
1571937600,WITHDRAWAL,XRP,0.248445
1571937568,WITHDRAWAL,BTC,0.500550
1571937543,DEPOSIT,BTC,0.292647
1571937508,WITHDRAWAL,BTC,0.872434
1571937506,WITHDRAWAL,ETH,0.657434
1571937422,DEPOSIT,BTC,0.689875
1571937369,DEPOSIT,XRP,0.122432
1571937308,DEPOSIT,BTC,0.598492
1571937302,DEPOSIT,ETH,0.909330
1571937244,DEPOSIT,BTC,0.610362
1571937182,DEPOSIT,XRP,0.061196
1571937112,DEPOSIT,ETH,0.484361
1571937059,DEPOSIT,XRP,0.777188
1571936962,WITHDRAWAL,ETH,0.351046
1571936895,WITHDRAWAL,ETH,0.571450
1571936838,DEPOSIT,XRP,0.992763
1571936790,DEPOSIT,XRP,0.238057
1571936706,DEPOSIT,BTC,0.992504
1571936700,DEPOSIT,ETH,0.100164
1571936646,WITHDRAWAL,ETH,0.543474
1571936560,DEPOSIT,ETH,0.183358
1571936551,DEPOSIT,XRP,0.165122
1571936550,WITHDRAWAL,BTC,0.095405
1571936524,DEPOSIT,BTC,0.807062
1571936466,WITHDRAWAL,BTC,0.972575
1571936404,DEPOSIT,ETH,0.755650
1571936310,WITHDRAWAL,XRP,0.601717
1571936288,DEPOSIT,BTC,0.031415
1571936263,WITHDRAWAL,BTC,0.740358
1571936182,DEPOSIT,BTC,0.761977
1571936150,DEPOSIT,ETH,0.627446
1571936063,WITHDRAWAL,BTC,0.286457
1571935997,DEPOSIT,BTC,0.524809
1571935904,WITHDRAWAL,ETH,0.421414
1571935834,WITHDRAWAL,XRP,0.803441
1571935812,WITHDRAWAL,BTC,0.185137
1571935754,DEPOSIT,BTC,0.699742
1571935749,WITHDRAWAL,ETH,0.354617
1571935741,DEPOSIT,BTC,0.205424
1571935707,DEPOSIT,BTC,0.050966
1571935636,DEPOSIT,ETH,0.826655
1571935598,WITHDRAWAL,BTC,0.615745
1571935580,DEPOSIT,ETH,0.326230
1571935506,DEPOSIT,ETH,0.406721
1571935427,WITHDRAWAL,XRP,0.059554
1571935415,WITHDRAWAL,BTC,0.837593
1571935326,DEPOSIT,ETH,0.106072
1571935265,DEPOSIT,BTC,0.008191
1571935187,WITHDRAWAL,XRP,0.891779
1571935178,DEPOSIT,ETH,0.226335
1571935108,WITHDRAWAL,XRP,0.203795
1571935106,WITHDRAWAL,XRP,0.857974
1571935056,DEPOSIT,XRP,0.254584
1571934994,DEPOSIT,ETH,0.151800
1571934897,DEPOSIT,BTC,0.441174
1571934824,DEPOSIT,XRP,0.423179
1571934750,DEPOSIT,XRP,0.846705
1571934728,DEPOSIT,BTC,0.073683
1571934715,DEPOSIT,BTC,0.266648
1571934699,WITHDRAWAL,ETH,0.642966
1571934651,WITHDRAWAL,ETH,0.645674
1571934629,DEPOSIT,ETH,0.270118
1571934563,WITHDRAWAL,ETH,0.931951